Wavelength,Responsivity,Wavelength,,,,,
nm,A/W,nm,,,,,
,APD440A2,,,,,,
"202,190487196106","3,90657286521145",200,-1,-1,-1,-1,-1
"205,573373244958","3,9524357266969",201,-1,-1,-1,-1,-1
"207,329871770323","4,0441614496678",202,-1,-1,-1,-1,-1
"209,086370295688","4,11295574189598",203,-1,-1,-1,-1,-1
"210,712757819174","4,25054432635234",204,-1,-1,-1,-1,-1
"212,859589350176","4,3789603385116",205,-1,-1,-1,-1,-1
"214,225754869905","4,54865292600777",206,-1,-1,-1,-1,-1
"215,201587383997","4,65872379357286",207,-1,-1,-1,-1,-1
"216,958085909362","4,77338094728649",208,-1,-1,-1,-1,-1
"218,259195928151","4,86969295640594",209,-1,-1,-1,-1,-1
"219,625361447879","4,98893639626812",210,-1,-1,-1,-1,-1
"220,536138461032","5,13111126687302",211,-1,-1,-1,-1,-1
"221,446915474184","5,2916312820721",212,-1,-1,-1,-1,-1
"222,487803489215","5,42921986652845",213,-1,-1,-1,-1,-1
"223,593747005186","5,56222216483627",214,-1,-1,-1,-1,-1
"225,024968025854","5,75943246922371",215,-1,-1,-1,-1,-1
"226,521244547461","5,96581534590824",216,-1,-1,-1,-1,-1
"228,668076078463","6,20430222563259",217,-1,-1,-1,-1,-1
"230,424574603829","6,39692624387149",218,-1,-1,-1,-1,-1
"231,530518119799","6,58496397596184",219,-1,-1,-1,-1,-1
"233,091850142346","6,78217428034929",220,-1,-1,-1,-1,-1
"233,091850142346","7,09862802459891",221,-1,-1,-1,-1,-1
"233,87251615362","7,25914803979799",222,-1,-1,-1,-1,-1
"236,084403185561","7,34170119047181",223,-1,-1,-1,-1,-1
"237,645735208108","7,49763491952234",224,-1,-1,-1,-1,-1
"239,402233733473","7,65815493472142",225,-1,-1,-1,-1,-1
"240,89851025508","7,79115723302924",226,-1,-1,-1,-1,-1
"242,589953279506","7,92415953133704",227,-1,-1,-1,-1,-1
"244,151285302053","8,0617481157934",228,-1,-1,-1,-1,-1
"246,102950330237","8,18557784180413",229,-1,-1,-1,-1,-1
"248,184726360299","8,29564870936921",230,-1,-1,-1,-1,-1
"249,941224885664","8,30023499551776",231,-1,-1,-1,-1,-1
"254,560165452366","8,31858014011193",232,-1,-1,-1,-1,-1
"257,032274488065","8,26813099247794",233,-1,-1,-1,-1,-1
"260,350105035977","8,14430126646722",234,-1,-1,-1,-1,-1
"261,976492559463","7,99754010971377",235,-1,-1,-1,-1,-1
"262,106603561342","7,73153551309815",236,-1,-1,-1,-1,-1
"262,561992067918","7,56184292560198",237,-1,-1,-1,-1,-1
"263,732991084828","7,41508176884853",238,-1,-1,-1,-1,-1
"265,164212105496","7,27749318439217",239,-1,-1,-1,-1,-1
"266,855655129922","7,19494003371836",240,-1,-1,-1,-1,-1
"268,416987152469","7,04359259081636",241,-1,-1,-1,-1,-1
"269,718097171258","6,87848628946874",242,-1,-1,-1,-1,-1
"274,402093238899","6,7730017080522",243,-1,-1,-1,-1,-1
"277,394646282114","6,72713884656675",244,-1,-1,-1,-1,-1
"281,232920837541","6,72713884656675",245,-1,-1,-1,-1,-1
"284,290529381695","6,85096857257747",246,-1,-1,-1,-1,-1
"286,827693918334","7,00231601547946",247,-1,-1,-1,-1,-1
"288,584192443699","7,08945545230182",248,-1,-1,-1,-1,-1
"290,015413464367","7,24080289520381",249,-1,-1,-1,-1,-1
"290,796079475641","7,39673662425435",250,-1,-1,-1,-1,-1
"291,967078492551","7,52973892256216",251,-1,-1,-1,-1,-1
"293,528410515098","7,6352235039787",252,-1,-1,-1,-1,-1
"295,480075543281","7,73153551309815",253,-1,-1,-1,-1,-1
"297,561851573344","7,80950237762341",254,-1,-1,-1,-1,-1
"299,18823909683","7,9195732451885",255,-1,-1,-1,-1,-1
"301,855514635348","8,03423039890213",256,-1,-1,-1,-1,-1
"304,522790173865","8,02964411275358",257,-1,-1,-1,-1,-1
"308,296009228354","8,03423039890213",258,-1,-1,-1,-1,-1
"322,803385937852","8,02047154045649",259,-1,-1,-1,-1,-1
"326,381438489521","8,03881668505067",260,-1,-1,-1,-1,-1
"329,439047033676","8,08926583268467",261,-1,-1,-1,-1,-1
"332,431600076891","8,16723269720994",262,-1,-1,-1,-1,-1
"334,578431607893","8,30940756781484",263,-1,-1,-1,-1,-1
"338,676928167078","8,40571957693429",264,-1,-1,-1,-1,-1
"343,556090737537","8,41947843537993",265,-1,-1,-1,-1,-1
"346,873921285449","8,47451386916247",266,-1,-1,-1,-1,-1
"350,907362343695","8,4469961522712",267,-1,-1,-1,-1,-1
"353,184304876576","8,22685441714103",268,-1,-1,-1,-1,-1
"355,201025405699","8,06633440194195",269,-1,-1,-1,-1,-1
"357,41291243764","7,89205552829723",270,-1,-1,-1,-1,-1
"359,624799469582","7,79115723302924",271,-1,-1,-1,-1,-1
"363,46307402501","7,75905322998942",272,-1,-1,-1,-1,-1
"367,041126576679","7,80950237762341",273,-1,-1,-1,-1,-1
"369,253013608621","7,93333210363414",274,-1,-1,-1,-1,-1
"371,985344648078","8,13512869417013",275,-1,-1,-1,-1,-1
"375,30317519599","8,56623959213337",276,-1,-1,-1,-1,-1
"383,825445819058","9,72656998771531",277,-1,-1,-1,-1,-1
"385,842166348181","9,91460771980567",278,-1,-1,-1,-1,-1
"387,988997879183","10,0843003073018",279,-1,-1,-1,-1,-1
"389,355163398912","10,1943711748669",280,-1,-1,-1,-1,-1
"390,330995913004","10,3869951931058",281,-1,-1,-1,-1,-1
"391,632105931793","10,5475152083049",282,-1,-1,-1,-1,-1
"393,583770959976","10,6851037927613",283,-1,-1,-1,-1,-1
"395,860713492857","10,8456238079603",284,-1,-1,-1,-1,-1
"397,356990014464","11,061179256942",285,-1,-1,-1,-1,-1
"398,202711526677","11,1987678413983",286,-1,-1,-1,-1,-1
"400,089321053921","11,3913918596372",287,-1,-1,-1,-1,-1
"401,130209068953","11,5381530163907",288,-1,-1,-1,-1,-1
"402,496374588681","11,6619827424014",289,-1,-1,-1,-1,-1
"404,057706611228","11,7537084653723",290,-1,-1,-1,-1,-1
"405,814205136593","11,8637793329374",291,-1,-1,-1,-1,-1
"406,334649144109","12,0518170650277",292,-1,-1,-1,-1,-1
"408,286314172293","12,1481290741472",293,-1,-1,-1,-1,-1
"410,303034701416","12,2948902309006",294,-1,-1,-1,-1,-1
"411,669200221144","12,4921005352881",295,-1,-1,-1,-1,-1
"413,685920750267","12,6480342643386",296,-1,-1,-1,-1,-1
"416,548362791603","12,7947954210921",297,-1,-1,-1,-1,-1
"417,589250806634","12,9828331531824",298,-1,-1,-1,-1,-1
"418,369916817908","13,1295943099359",299,-1,-1,-1,-1,-1
"419,475860333878","13,2625966082437",300,-1,-1,-1,-1,-1
"421,947969369578","13,4552206264826",301,-1,-1,-1,-1,-1
"423,964689898701","13,5836366386418",302,-1,-1,-1,-1,-1
"425,20074441655","13,7349840815438",303,-1,-1,-1,-1,-1
"426,827131940037","13,854227521406",304,-1,-1,-1,-1,-1
"429,039018971978","14,0743692565362",305,-1,-1,-1,-1,-1
"430,795517497343","14,2761658470722",306,-1,-1,-1,-1,-1
"432,682127024587","14,4779624376081",307,-1,-1,-1,-1,-1
"434,243459047134","14,6063784497674",308,-1,-1,-1,-1,-1
"436,390290578136","14,7393807480752",309,-1,-1,-1,-1,-1
"436,715568082833","14,922832194017",310,-1,-1,-1,-1,-1
"438,407011107259","15,0283167754336",311,-1,-1,-1,-1,-1
"440,488787137322","15,1383876429987",312,-1,-1,-1,-1,-1
"442,180230161747","15,2851487997521",313,-1,-1,-1,-1,-1
"442,765729670203","15,4089785257628",314,-1,-1,-1,-1,-1
"444,327061692749","15,528221965625",315,-1,-1,-1,-1,-1
"446,148615719054","15,6382928331901",316,-1,-1,-1,-1,-1
"447,319614735964","15,7667088453493",317,-1,-1,-1,-1,-1
"448,620724754753","15,9042974298057",318,-1,-1,-1,-1,-1
"449,401390766027","15,9730917220339",319,-1,-1,-1,-1,-1
"451,027778289513","16,0739900173019",320,-1,-1,-1,-1,-1
"452,784276814878","16,2207511740553",321,-1,-1,-1,-1,-1
"454,215497835546","16,3812711892544",322,-1,-1,-1,-1,-1
"455,516607854335","16,6151717828302",323,-1,-1,-1,-1,-1
"457,728494886277","16,7848643703264",324,-1,-1,-1,-1,-1
"460,200603921976","16,9820746747138",325,-1,-1,-1,-1,-1
"461,241491937007","17,1471809760615",326,-1,-1,-1,-1,-1
"463,193156965191","17,2664244159236",327,-1,-1,-1,-1,-1
"465,014710991495","17,3994267142314",328,-1,-1,-1,-1,-1
"466,380876511224","17,5232564402422",329,-1,-1,-1,-1,-1
"467,226598023437","17,6654313108471",330,-1,-1,-1,-1,-1
"469,763762560075","17,8305376121947",331,-1,-1,-1,-1,-1
"471,58531658638","18,0919559226618",332,-1,-1,-1,-1,-1
"473,471926113624","18,2111993625239",333,-1,-1,-1,-1,-1
"475,944035149323","18,3579605192774",334,-1,-1,-1,-1,-1
"476,854812162476","18,5597571098134",335,-1,-1,-1,-1,-1
"479,717254203812","18,7477948419037",336,-1,-1,-1,-1,-1
"482,31947424139","18,926660001697",337,-1,-1,-1,-1,-1
"483,165195753603","19,1192840199359",338,-1,-1,-1,-1,-1
"486,613137303394","19,2706314628379",339,-1,-1,-1,-1,-1
"487,458858815607","19,5045320564137",340,-1,-1,-1,-1,-1
"489,735801348487","19,6512932131671",341,-1,-1,-1,-1,-1
"491,687466376671","19,7888817976235",342,-1,-1,-1,-1,-1
"492,923520894521","19,9494018128226",343,-1,-1,-1,-1,-1
"494,15957541237","20,0686452526848",344,-1,-1,-1,-1,-1
"496,241351442433","20,197061264844",345,-1,-1,-1,-1,-1
"498,388182973435","20,3392361354489",346,-1,-1,-1,-1,-1
"499,103793483769","20,4722384337567",347,-1,-1,-1,-1,-1
"499,689292992224","20,6281721628073",348,-1,-1,-1,-1,-1
"501,836124523226","20,8253824671947",349,-1,-1,-1,-1,-1
"504,763622065501","20,9308670486112",350,-1,-1,-1,-1,-1
"507,040564598382","21,0776282053647",351,-1,-1,-1,-1,-1
"508,797063123747","21,215216789821",352,-1,-1,-1,-1,-1
"509,64278463596","21,3849093773172",353,-1,-1,-1,-1,-1
"511,074005656628","21,5133253894765",354,-1,-1,-1,-1,-1
"513,676225694206","21,6279825431901",355,-1,-1,-1,-1,-1
"515,302613217692","21,7334671246067",356,-1,-1,-1,-1,-1
"517,904833255271","21,9857128627766",357,-1,-1,-1,-1,-1
"519,20594327406","22,2058545979068",358,-1,-1,-1,-1,-1
"521,48288580694","22,3021666070263",359,-1,-1,-1,-1,-1
"524,540494351095","22,4489277637797",360,-1,-1,-1,-1,-1
"526,752381383036","22,5681712036419",361,-1,-1,-1,-1,-1
"529,679878925312","22,728691218841",362,-1,-1,-1,-1,-1
"532,412209964769","22,8983838063371",363,-1,-1,-1,-1,-1
"535,990262516438","23,0543175353877",364,-1,-1,-1,-1,-1
"538,657538054956","23,1964924059926",365,-1,-1,-1,-1,-1
"540,414036580321","23,343253562746",366,-1,-1,-1,-1,-1
"543,992089131991","23,4349792857169",367,-1,-1,-1,-1,-1
"547,505086182722","23,5863267286189",368,-1,-1,-1,-1,-1
"549,847084216542","23,7147427407782",369,-1,-1,-1,-1,-1
"550,887972231573","23,8248136083433",370,-1,-1,-1,-1,-1
"554,661191286061","23,9257119036113",371,-1,-1,-1,-1,-1
"558,954854348065","24,0174376265822",372,-1,-1,-1,-1,-1
"563,443683912887","24,1275084941473",373,-1,-1,-1,-1,-1
"567,93251347771","24,2329930755638",374,-1,-1,-1,-1,-1
"572,941787050048","24,3338913708318",375,-1,-1,-1,-1,-1
"577,755894119567","24,4256170938027",376,-1,-1,-1,-1,-1
"581,724279676874","24,503583958328",377,-1,-1,-1,-1,-1
"585,497498731362","24,5311016752192",378,-1,-1,-1,-1,-1
"588,685218277395","24,5953096812989",379,-1,-1,-1,-1,-1
"593,499325346915","24,613654825893",380,-1,-1,-1,-1,-1
"615,227862660692","24,6319999704872",381,-1,-1,-1,-1,-1
"619,911858728333","24,6182411120416",382,-1,-1,-1,-1,-1
"624,98618780161","24,5173428167736",383,-1,-1,-1,-1,-1
"629,279850863614","24,4485485245454",384,-1,-1,-1,-1,-1
"635,069790447225","24,3201325123862",385,-1,-1,-1,-1,-1
"640,599508027079","24,1596124971871",386,-1,-1,-1,-1,-1
"646,38944761069","24,0036787681365",387,-1,-1,-1,-1,-1
"652,764886702756","23,7743644607093",388,-1,-1,-1,-1,-1
"658,22954878167","23,5267050086878",389,-1,-1,-1,-1,-1
"663,694210860584","23,3707712796373",390,-1,-1,-1,-1,-1
"666,62170840286","23,1827335475469",391,-1,-1,-1,-1,-1
"670,264816455469","23,0038683877537",392,-1,-1,-1,-1,-1
"673,647702504321","22,8479346587031",393,-1,-1,-1,-1,-1
"677,160699555051","22,6553106404642",394,-1,-1,-1,-1,-1
"680,283363600145","22,425996333037",395,-1,-1,-1,-1,-1
"685,292637172483","22,173750594867",396,-1,-1,-1,-1,-1
"689,065856226971","22,0040580073708",397,-1,-1,-1,-1,-1
"693,099297285217","21,7793299860921",398,-1,-1,-1,-1,-1
"696,677349836887","21,5133253894765",399,-1,-1,-1,-1,-1
"699,344625375404","21,2794247959007",400,-1,-1,-1,-1,-1
"701,686623409225","21,0271790577307",401,-1,-1,-1,-1,-1
"704,549065450561","20,8987630455714",402,-1,-1,-1,-1,-1
"708,582506508807","20,7611744611151",403,-1,-1,-1,-1,-1
"711,705170553901","20,5823093013218",404,-1,-1,-1,-1,-1
"715,28322310557","20,2933732739635",405,-1,-1,-1,-1,-1
"718,92633115818","20,1007492557246",406,-1,-1,-1,-1,-1
"723,545271724881","19,8072269422177",407,-1,-1,-1,-1,-1
"726,342658265277","19,5228772010079",408,-1,-1,-1,-1,-1
"729,660488813189","19,2522863182437",409,-1,-1,-1,-1,-1
"733,693929871436","18,9587640047368",410,-1,-1,-1,-1,-1
"738,638147942834","18,6423102604872",411,-1,-1,-1,-1,-1
"742,801700002959","18,3854782361687",412,-1,-1,-1,-1,-1
"744,232921023627","18,1332324979987",413,-1,-1,-1,-1,-1
"746,574919057447","17,968126196651",414,-1,-1,-1,-1,-1
"750,152971609117","17,7617433199665",415,-1,-1,-1,-1,-1
"752,690136145756","17,504911295648",416,-1,-1,-1,-1,-1
"755,097189680516","17,2939421328149",417,-1,-1,-1,-1,-1
"758,15479822467","17,0371101084964",418,-1,-1,-1,-1,-1
"759,390852742519","16,8628312348517",419,-1,-1,-1,-1,-1
"761,862961778219","16,7068975058011",420,-1,-1,-1,-1,-1
"763,033960795129","16,5555500628991",421,-1,-1,-1,-1,-1
"764,530237316736","16,4179614784428",422,-1,-1,-1,-1,-1
"767,783012363709","16,2299237463524",423,-1,-1,-1,-1,-1
"769,344344386256","16,0372997281135",424,-1,-1,-1,-1,-1
"770,580398904105","15,8630208544688",425,-1,-1,-1,-1,-1
"773,312729943562","15,7254322700124",426,-1,-1,-1,-1,-1
"774,678895463291","15,5098768210308",427,-1,-1,-1,-1,-1
"777,736504007445","15,2897350859006",428,-1,-1,-1,-1,-1
"779,948391039386","15,0283167754336",429,-1,-1,-1,-1,-1
"782,875888581662","14,8173476126005",430,-1,-1,-1,-1,-1
"787,624940150242","14,4917212960538",431,-1,-1,-1,-1,-1
"791,137937200972","14,2853384193692",432,-1,-1,-1,-1,-1
"792,504102720701","14,0422652534963",433,-1,-1,-1,-1,-1
"799,530096822162","13,5790503524933",434,-1,-1,-1,-1,-1
"801,872094855982","13,3543223312146",435,-1,-1,-1,-1,-1
"803,628593381347","13,2029748883126",436,-1,-1,-1,-1,-1
"805,840480413289","13,1158354514902",437,-1,-1,-1,-1,-1
"820,022579618089","12,1527153602957",438,-1,-1,-1,-1,-1
"821,518856139697","11,9096421944228",439,-1,-1,-1,-1,-1
"825,161964192306","11,7353633207781",440,-1,-1,-1,-1,-1
"843,442559956292","10,4924797745224",441,-1,-1,-1,-1,-1
"845,003891978839","10,2264751779067",442,-1,-1,-1,-1,-1
"870,700814849923","8,56165330598483",443,-1,-1,-1,-1,-1
"872,457313375288","8,3048212816663",444,-1,-1,-1,-1,-1
"901,732288798042","6,3464770962375",445,-1,-1,-1,-1,-1
"902,512954809316","6,10799021651314",446,-1,-1,-1,-1,-1
"907,652339383532","5,85574447834316",447,-1,-1,-1,-1,-1
"921,899494089272","4,91096953174285",448,-1,-1,-1,-1,-1
"927,884600175702","4,66331007972141",449,-1,-1,-1,-1,-1
"936,211704295952","4,19550889256979",450,-1,-1,-1,-1,-1
"939,269312840106","4,0028848743309",451,-1,-1,-1,-1,-1
"982,140887959206","2,09957612268463",452,-1,-1,-1,-1,-1
"990,988436086971","1,77394980613792",453,-1,-1,-1,-1,-1
"996,192876162128","1,64553379397866",454,-1,-1,-1,-1,-1
"999,315540207221","1,48960006492813",455,-1,-1,-1,-1,-1
"1002,11292674762","1,42080577269994",456,-1,-1,-1,-1,-1
,,457,-1,-1,-1,-1,-1
,,458,-1,-1,-1,-1,-1
,,459,-1,-1,-1,-1,-1
,,460,-1,-1,-1,-1,-1
,,461,-1,-1,-1,-1,-1
,,462,-1,-1,-1,-1,-1
,,463,-1,-1,-1,-1,-1
,,464,-1,-1,-1,-1,-1
,,465,-1,-1,-1,-1,-1
,,466,-1,-1,-1,-1,-1
,,467,-1,-1,-1,-1,-1
,,468,-1,-1,-1,-1,-1
,,469,-1,-1,-1,-1,-1
,,470,18,-1,-1,-1,-1
,,471,-1,-1,-1,-1,-1
,,472,-1,-1,-1,-1,-1
,,473,-1,-1,-1,-1,-1
,,474,-1,-1,-1,-1,-1
,,475,-1,-1,-1,-1,-1
,,476,-1,-1,-1,-1,-1
,,477,-1,-1,-1,-1,-1
,,478,-1,-1,-1,-1,-1
,,479,-1,-1,-1,-1,-1
,,480,-1,-1,-1,-1,-1
,,481,-1,-1,-1,-1,-1
,,482,-1,-1,-1,-1,-1
,,483,-1,-1,-1,-1,-1
,,484,-1,-1,-1,-1,-1
,,485,-1,-1,-1,-1,-1
,,486,-1,-1,-1,-1,-1
,,487,-1,-1,-1,-1,-1
,,488,-1,-1,-1,-1,-1
,,489,-1,-1,-1,-1,-1
,,490,-1,-1,-1,-1,-1
,,491,-1,-1,-1,-1,-1
,,492,-1,-1,-1,-1,-1
,,493,-1,-1,-1,-1,-1
,,494,-1,-1,-1,-1,-1
,,495,-1,-1,-1,-1,-1
,,496,-1,-1,-1,-1,-1
,,497,-1,-1,-1,-1,-1
,,498,-1,-1,-1,-1,-1
,,499,-1,-1,-1,-1,-1
,,500,-1,-1,-1,-1,-1
,,501,-1,-1,-1,-1,-1
,,502,-1,-1,-1,-1,-1
,,503,-1,-1,-1,-1,-1
,,504,-1,-1,-1,-1,-1
,,505,-1,-1,-1,-1,-1
,,506,-1,-1,-1,-1,-1
,,507,-1,-1,-1,-1,-1
,,508,-1,-1,-1,-1,-1
,,509,-1,-1,-1,-1,-1
,,510,-1,-1,-1,-1,-1
,,511,-1,-1,-1,-1,-1
,,512,-1,-1,-1,-1,-1
,,513,-1,-1,-1,-1,-1
,,514,-1,-1,-1,-1,-1
,,515,-1,-1,-1,-1,-1
,,516,-1,-1,-1,-1,-1
,,517,-1,-1,-1,-1,-1
,,518,-1,-1,-1,-1,-1
,,519,-1,-1,-1,-1,-1
,,520,-1,-1,-1,-1,-1
,,521,-1,-1,-1,-1,-1
,,522,-1,-1,-1,-1,-1
,,523,-1,-1,-1,-1,-1
,,524,-1,-1,-1,-1,-1
,,525,-1,-1,-1,-1,-1
,,526,-1,-1,-1,-1,-1
,,527,-1,-1,-1,-1,-1
,,528,-1,-1,-1,-1,-1
,,529,-1,-1,-1,-1,-1
,,530,-1,-1,-1,-1,-1
,,531,-1,-1,-1,-1,-1
,,532,-1,"22,8",-1,-1,-1
,,533,-1,-1,-1,-1,-1
,,534,-1,-1,-1,-1,-1
,,535,-1,-1,-1,-1,-1
,,536,-1,-1,-1,-1,-1
,,537,-1,-1,-1,-1,-1
,,538,-1,-1,-1,-1,-1
,,539,-1,-1,-1,-1,-1
,,540,-1,-1,-1,-1,-1
,,541,-1,-1,-1,-1,-1
,,542,-1,-1,-1,-1,-1
,,543,-1,-1,-1,-1,-1
,,544,-1,-1,-1,-1,-1
,,545,-1,-1,-1,-1,-1
,,546,-1,-1,-1,-1,-1
,,547,-1,-1,-1,-1,-1
,,548,-1,-1,-1,-1,-1
,,549,-1,-1,-1,-1,-1
,,550,-1,-1,-1,-1,-1
,,551,-1,-1,-1,-1,-1
,,552,-1,-1,-1,-1,-1
,,553,-1,-1,-1,-1,-1
,,554,-1,-1,-1,-1,-1
,,555,-1,-1,-1,-1,-1
,,556,-1,-1,-1,-1,-1
,,557,-1,-1,-1,-1,-1
,,558,-1,-1,-1,-1,-1
,,559,-1,-1,-1,-1,-1
,,560,-1,-1,-1,-1,-1
,,561,-1,-1,-1,-1,-1
,,562,-1,-1,-1,-1,-1
,,563,-1,-1,-1,-1,-1
,,564,-1,-1,-1,-1,-1
,,565,-1,-1,-1,-1,-1
,,566,-1,-1,-1,-1,-1
,,567,-1,-1,-1,-1,-1
,,568,-1,-1,-1,-1,-1
,,569,-1,-1,-1,-1,-1
,,570,-1,-1,-1,-1,-1
,,571,-1,-1,-1,-1,-1
,,572,-1,-1,-1,-1,-1
,,573,-1,-1,-1,-1,-1
,,574,-1,-1,-1,-1,-1
,,575,-1,-1,-1,-1,-1
,,576,-1,-1,-1,-1,-1
,,577,-1,-1,-1,-1,-1
,,578,-1,-1,-1,-1,-1
,,579,-1,-1,-1,-1,-1
,,580,-1,-1,-1,-1,-1
,,581,-1,-1,-1,-1,-1
,,582,-1,-1,-1,-1,-1
,,583,-1,-1,-1,-1,-1
,,584,-1,-1,-1,-1,-1
,,585,-1,-1,-1,-1,-1
,,586,-1,-1,-1,-1,-1
,,587,-1,-1,-1,-1,-1
,,588,-1,-1,-1,-1,-1
,,589,-1,-1,-1,-1,-1
,,590,-1,-1,"24,5",-1,-1
,,591,-1,-1,-1,-1,-1
,,592,-1,-1,-1,-1,-1
,,593,-1,-1,-1,-1,-1
,,594,-1,-1,-1,-1,-1
,,595,-1,-1,-1,-1,-1
,,596,-1,-1,-1,-1,-1
,,597,-1,-1,-1,-1,-1
,,598,-1,-1,-1,-1,-1
,,599,-1,-1,-1,-1,-1
,,600,-1,-1,-1,-1,-1
,,601,-1,-1,-1,-1,-1
,,602,-1,-1,-1,-1,-1
,,603,-1,-1,-1,-1,-1
,,604,-1,-1,-1,-1,-1
,,605,-1,-1,-1,-1,-1
,,606,-1,-1,-1,-1,-1
,,607,-1,-1,-1,-1,-1
,,608,-1,-1,-1,-1,-1
,,609,-1,-1,-1,-1,-1
,,610,-1,-1,-1,"24,5",-1
,,611,-1,-1,-1,-1,-1
,,612,-1,-1,-1,-1,-1
,,613,-1,-1,-1,-1,-1
,,614,-1,-1,-1,-1,-1
,,615,-1,-1,-1,-1,-1
,,616,-1,-1,-1,-1,-1
,,617,-1,-1,-1,-1,-1
,,618,-1,-1,-1,-1,-1
,,619,-1,-1,-1,-1,-1
,,620,-1,-1,-1,-1,-1
,,621,-1,-1,-1,-1,-1
,,622,-1,-1,-1,-1,-1
,,623,-1,-1,-1,-1,-1
,,624,-1,-1,-1,-1,-1
,,625,-1,-1,-1,-1,-1
,,626,-1,-1,-1,-1,-1
,,627,-1,-1,-1,-1,-1
,,628,-1,-1,-1,-1,-1
,,629,-1,-1,-1,-1,-1
,,630,-1,-1,-1,-1,-1
,,631,-1,-1,-1,-1,-1
,,632,-1,-1,-1,-1,-1
,,633,-1,-1,-1,-1,-1
,,634,-1,-1,-1,-1,-1
,,635,-1,-1,-1,-1,-1
,,636,-1,-1,-1,-1,-1
,,637,-1,-1,-1,-1,-1
,,638,-1,-1,-1,-1,-1
,,639,-1,-1,-1,-1,-1
,,640,-1,-1,-1,-1,-1
,,641,-1,-1,-1,-1,-1
,,642,-1,-1,-1,-1,-1
,,643,-1,-1,-1,-1,-1
,,644,-1,-1,-1,-1,-1
,,645,-1,-1,-1,-1,-1
,,646,-1,-1,-1,-1,-1
,,647,-1,-1,-1,-1,-1
,,648,-1,-1,-1,-1,-1
,,649,-1,-1,-1,-1,-1
,,650,-1,-1,-1,-1,-1
,,651,-1,-1,-1,-1,-1
,,652,-1,-1,-1,-1,-1
,,653,-1,-1,-1,-1,-1
,,654,-1,-1,-1,-1,-1
,,655,-1,-1,-1,-1,-1
,,656,-1,-1,-1,-1,-1
,,657,-1,-1,-1,-1,-1
,,658,-1,-1,-1,-1,-1
,,659,-1,-1,-1,-1,-1
,,660,-1,-1,-1,-1,"23,3"
,,661,-1,-1,-1,-1,-1
,,662,-1,-1,-1,-1,-1
,,663,-1,-1,-1,-1,-1
,,664,-1,-1,-1,-1,-1
,,665,-1,-1,-1,-1,-1
,,666,-1,-1,-1,-1,-1
,,667,-1,-1,-1,-1,-1
,,668,-1,-1,-1,-1,-1
,,669,-1,-1,-1,-1,-1
,,670,-1,-1,-1,-1,-1
,,671,-1,-1,-1,-1,-1
,,672,-1,-1,-1,-1,-1
,,673,-1,-1,-1,-1,-1
,,674,-1,-1,-1,-1,-1
,,675,-1,-1,-1,-1,-1
,,676,-1,-1,-1,-1,-1
,,677,-1,-1,-1,-1,-1
,,678,-1,-1,-1,-1,-1
,,679,-1,-1,-1,-1,-1
,,680,-1,-1,-1,-1,-1
,,681,-1,-1,-1,-1,-1
,,682,-1,-1,-1,-1,-1
,,683,-1,-1,-1,-1,-1
,,684,-1,-1,-1,-1,-1
,,685,-1,-1,-1,-1,-1
,,686,-1,-1,-1,-1,-1
,,687,-1,-1,-1,-1,-1
,,688,-1,-1,-1,-1,-1
,,689,-1,-1,-1,-1,-1
,,690,-1,-1,-1,-1,-1
,,691,-1,-1,-1,-1,-1
,,692,-1,-1,-1,-1,-1
,,693,-1,-1,-1,-1,-1
,,694,-1,-1,-1,-1,-1
,,695,-1,-1,-1,-1,-1
,,696,-1,-1,-1,-1,-1
,,697,-1,-1,-1,-1,-1
,,698,-1,-1,-1,-1,-1
,,699,-1,-1,-1,-1,-1
,,700,-1,-1,-1,-1,-1
,,701,-1,-1,-1,-1,-1
,,702,-1,-1,-1,-1,-1
,,703,-1,-1,-1,-1,-1
,,704,-1,-1,-1,-1,-1
,,705,-1,-1,-1,-1,-1
,,706,-1,-1,-1,-1,-1
,,707,-1,-1,-1,-1,-1
,,708,-1,-1,-1,-1,-1
,,709,-1,-1,-1,-1,-1
,,710,-1,-1,-1,-1,-1
,,711,-1,-1,-1,-1,-1
,,712,-1,-1,-1,-1,-1
,,713,-1,-1,-1,-1,-1
,,714,-1,-1,-1,-1,-1
,,715,-1,-1,-1,-1,-1
,,716,-1,-1,-1,-1,-1
,,717,-1,-1,-1,-1,-1
,,718,-1,-1,-1,-1,-1
,,719,-1,-1,-1,-1,-1
,,720,-1,-1,-1,-1,-1
,,721,-1,-1,-1,-1,-1
,,722,-1,-1,-1,-1,-1
,,723,-1,-1,-1,-1,-1
,,724,-1,-1,-1,-1,-1
,,725,-1,-1,-1,-1,-1
,,726,-1,-1,-1,-1,-1
,,727,-1,-1,-1,-1,-1
,,728,-1,-1,-1,-1,-1
,,729,-1,-1,-1,-1,-1
,,730,-1,-1,-1,-1,-1
,,731,-1,-1,-1,-1,-1
,,732,-1,-1,-1,-1,-1
,,733,-1,-1,-1,-1,-1
,,734,-1,-1,-1,-1,-1
,,735,-1,-1,-1,-1,-1
,,736,-1,-1,-1,-1,-1
,,737,-1,-1,-1,-1,-1
,,738,-1,-1,-1,-1,-1
,,739,-1,-1,-1,-1,-1
,,740,-1,-1,-1,-1,-1
,,741,-1,-1,-1,-1,-1
,,742,-1,-1,-1,-1,-1
,,743,-1,-1,-1,-1,-1
,,744,-1,-1,-1,-1,-1
,,745,-1,-1,-1,-1,-1
,,746,-1,-1,-1,-1,-1
,,747,-1,-1,-1,-1,-1
,,748,-1,-1,-1,-1,-1
,,749,-1,-1,-1,-1,-1
,,750,-1,-1,-1,-1,-1
,,751,-1,-1,-1,-1,-1
,,752,-1,-1,-1,-1,-1
,,753,-1,-1,-1,-1,-1
,,754,-1,-1,-1,-1,-1
,,755,-1,-1,-1,-1,-1
,,756,-1,-1,-1,-1,-1
,,757,-1,-1,-1,-1,-1
,,758,-1,-1,-1,-1,-1
,,759,-1,-1,-1,-1,-1
,,760,-1,-1,-1,-1,-1
,,761,-1,-1,-1,-1,-1
,,762,-1,-1,-1,-1,-1
,,763,-1,-1,-1,-1,-1
,,764,-1,-1,-1,-1,-1
,,765,-1,-1,-1,-1,-1
,,766,-1,-1,-1,-1,-1
,,767,-1,-1,-1,-1,-1
,,768,-1,-1,-1,-1,-1
,,769,-1,-1,-1,-1,-1
,,770,-1,-1,-1,-1,-1
,,771,-1,-1,-1,-1,-1
,,772,-1,-1,-1,-1,-1
,,773,-1,-1,-1,-1,-1
,,774,-1,-1,-1,-1,-1
,,775,-1,-1,-1,-1,-1
,,776,-1,-1,-1,-1,-1
,,777,-1,-1,-1,-1,-1
,,778,-1,-1,-1,-1,-1
,,779,-1,-1,-1,-1,-1
,,780,-1,-1,-1,-1,-1
,,781,-1,-1,-1,-1,-1
,,782,-1,-1,-1,-1,-1
,,783,-1,-1,-1,-1,-1
,,784,-1,-1,-1,-1,-1
,,785,-1,-1,-1,-1,-1
,,786,-1,-1,-1,-1,-1
,,787,-1,-1,-1,-1,-1
,,788,-1,-1,-1,-1,-1
,,789,-1,-1,-1,-1,-1
,,790,-1,-1,-1,-1,-1
,,791,-1,-1,-1,-1,-1
,,792,-1,-1,-1,-1,-1
,,793,-1,-1,-1,-1,-1
,,794,-1,-1,-1,-1,-1
,,795,-1,-1,-1,-1,-1
,,796,-1,-1,-1,-1,-1
,,797,-1,-1,-1,-1,-1
,,798,-1,-1,-1,-1,-1
,,799,-1,-1,-1,-1,-1
,,800,-1,-1,-1,-1,-1
,,801,-1,-1,-1,-1,-1
,,802,-1,-1,-1,-1,-1
,,803,-1,-1,-1,-1,-1
,,804,-1,-1,-1,-1,-1
,,805,-1,-1,-1,-1,-1
,,806,-1,-1,-1,-1,-1
,,807,-1,-1,-1,-1,-1
,,808,-1,-1,-1,-1,-1
,,809,-1,-1,-1,-1,-1
,,810,-1,-1,-1,-1,-1
,,811,-1,-1,-1,-1,-1
,,812,-1,-1,-1,-1,-1
,,813,-1,-1,-1,-1,-1
,,814,-1,-1,-1,-1,-1
,,815,-1,-1,-1,-1,-1
,,816,-1,-1,-1,-1,-1
,,817,-1,-1,-1,-1,-1
,,818,-1,-1,-1,-1,-1
,,819,-1,-1,-1,-1,-1
,,820,-1,-1,-1,-1,-1
,,821,-1,-1,-1,-1,-1
,,822,-1,-1,-1,-1,-1
,,823,-1,-1,-1,-1,-1
,,824,-1,-1,-1,-1,-1
,,825,-1,-1,-1,-1,-1
,,826,-1,-1,-1,-1,-1
,,827,-1,-1,-1,-1,-1
,,828,-1,-1,-1,-1,-1
,,829,-1,-1,-1,-1,-1
,,830,-1,-1,-1,-1,-1
,,831,-1,-1,-1,-1,-1
,,832,-1,-1,-1,-1,-1
,,833,-1,-1,-1,-1,-1
,,834,-1,-1,-1,-1,-1
,,835,-1,-1,-1,-1,-1
,,836,-1,-1,-1,-1,-1
,,837,-1,-1,-1,-1,-1
,,838,-1,-1,-1,-1,-1
,,839,-1,-1,-1,-1,-1
,,840,-1,-1,-1,-1,-1
,,841,-1,-1,-1,-1,-1
,,842,-1,-1,-1,-1,-1
,,843,-1,-1,-1,-1,-1
,,844,-1,-1,-1,-1,-1
,,845,-1,-1,-1,-1,-1
,,846,-1,-1,-1,-1,-1
,,847,-1,-1,-1,-1,-1
,,848,-1,-1,-1,-1,-1
,,849,-1,-1,-1,-1,-1
,,850,-1,-1,-1,-1,-1
,,851,-1,-1,-1,-1,-1
,,852,-1,-1,-1,-1,-1
,,853,-1,-1,-1,-1,-1
,,854,-1,-1,-1,-1,-1
,,855,-1,-1,-1,-1,-1
,,856,-1,-1,-1,-1,-1
,,857,-1,-1,-1,-1,-1
,,858,-1,-1,-1,-1,-1
,,859,-1,-1,-1,-1,-1
,,860,-1,-1,-1,-1,-1
,,861,-1,-1,-1,-1,-1
,,862,-1,-1,-1,-1,-1
,,863,-1,-1,-1,-1,-1
,,864,-1,-1,-1,-1,-1
,,865,-1,-1,-1,-1,-1
,,866,-1,-1,-1,-1,-1
,,867,-1,-1,-1,-1,-1
,,868,-1,-1,-1,-1,-1
,,869,-1,-1,-1,-1,-1
,,870,-1,-1,-1,-1,-1
,,871,-1,-1,-1,-1,-1
,,872,-1,-1,-1,-1,-1
,,873,-1,-1,-1,-1,-1
,,874,-1,-1,-1,-1,-1
,,875,-1,-1,-1,-1,-1
,,876,-1,-1,-1,-1,-1
,,877,-1,-1,-1,-1,-1
,,878,-1,-1,-1,-1,-1
,,879,-1,-1,-1,-1,-1
,,880,-1,-1,-1,-1,-1
,,881,-1,-1,-1,-1,-1
,,882,-1,-1,-1,-1,-1
,,883,-1,-1,-1,-1,-1
,,884,-1,-1,-1,-1,-1
,,885,-1,-1,-1,-1,-1
,,886,-1,-1,-1,-1,-1
,,887,-1,-1,-1,-1,-1
,,888,-1,-1,-1,-1,-1
,,889,-1,-1,-1,-1,-1
,,890,-1,-1,-1,-1,-1
,,891,-1,-1,-1,-1,-1
,,892,-1,-1,-1,-1,-1
,,893,-1,-1,-1,-1,-1
,,894,-1,-1,-1,-1,-1
,,895,-1,-1,-1,-1,-1
,,896,-1,-1,-1,-1,-1
,,897,-1,-1,-1,-1,-1
,,898,-1,-1,-1,-1,-1
,,899,-1,-1,-1,-1,-1
,,900,-1,-1,-1,-1,-1
,,901,-1,-1,-1,-1,-1
,,902,-1,-1,-1,-1,-1
,,903,-1,-1,-1,-1,-1
,,904,-1,-1,-1,-1,-1
,,905,-1,-1,-1,-1,-1
,,906,-1,-1,-1,-1,-1
,,907,-1,-1,-1,-1,-1
,,908,-1,-1,-1,-1,-1
,,909,-1,-1,-1,-1,-1
,,910,-1,-1,-1,-1,-1
,,911,-1,-1,-1,-1,-1
,,912,-1,-1,-1,-1,-1
,,913,-1,-1,-1,-1,-1
,,914,-1,-1,-1,-1,-1
,,915,-1,-1,-1,-1,-1
,,916,-1,-1,-1,-1,-1
,,917,-1,-1,-1,-1,-1
,,918,-1,-1,-1,-1,-1
,,919,-1,-1,-1,-1,-1
,,920,-1,-1,-1,-1,-1
,,921,-1,-1,-1,-1,-1
,,922,-1,-1,-1,-1,-1
,,923,-1,-1,-1,-1,-1
,,924,-1,-1,-1,-1,-1
,,925,-1,-1,-1,-1,-1
,,926,-1,-1,-1,-1,-1
,,927,-1,-1,-1,-1,-1
,,928,-1,-1,-1,-1,-1
,,929,-1,-1,-1,-1,-1
,,930,-1,-1,-1,-1,-1
,,931,-1,-1,-1,-1,-1
,,932,-1,-1,-1,-1,-1
,,933,-1,-1,-1,-1,-1
,,934,-1,-1,-1,-1,-1
,,935,-1,-1,-1,-1,-1
,,936,-1,-1,-1,-1,-1
,,937,-1,-1,-1,-1,-1
,,938,-1,-1,-1,-1,-1
,,939,-1,-1,-1,-1,-1
,,940,-1,-1,-1,-1,-1
,,941,-1,-1,-1,-1,-1
,,942,-1,-1,-1,-1,-1
,,943,-1,-1,-1,-1,-1
,,944,-1,-1,-1,-1,-1
,,945,-1,-1,-1,-1,-1
,,946,-1,-1,-1,-1,-1
,,947,-1,-1,-1,-1,-1
,,948,-1,-1,-1,-1,-1
,,949,-1,-1,-1,-1,-1
,,950,-1,-1,-1,-1,-1
,,951,-1,-1,-1,-1,-1
,,952,-1,-1,-1,-1,-1
,,953,-1,-1,-1,-1,-1
,,954,-1,-1,-1,-1,-1
,,955,-1,-1,-1,-1,-1
,,956,-1,-1,-1,-1,-1
,,957,-1,-1,-1,-1,-1
,,958,-1,-1,-1,-1,-1
,,959,-1,-1,-1,-1,-1
,,960,-1,-1,-1,-1,-1
,,961,-1,-1,-1,-1,-1
,,962,-1,-1,-1,-1,-1
,,963,-1,-1,-1,-1,-1
,,964,-1,-1,-1,-1,-1
,,965,-1,-1,-1,-1,-1
,,966,-1,-1,-1,-1,-1
,,967,-1,-1,-1,-1,-1
,,968,-1,-1,-1,-1,-1
,,969,-1,-1,-1,-1,-1
,,970,-1,-1,-1,-1,-1
,,971,-1,-1,-1,-1,-1
,,972,-1,-1,-1,-1,-1
,,973,-1,-1,-1,-1,-1
,,974,-1,-1,-1,-1,-1
,,975,-1,-1,-1,-1,-1
,,976,-1,-1,-1,-1,-1
,,977,-1,-1,-1,-1,-1
,,978,-1,-1,-1,-1,-1
,,979,-1,-1,-1,-1,-1
,,980,-1,-1,-1,-1,-1
,,981,-1,-1,-1,-1,-1
,,982,-1,-1,-1,-1,-1
,,983,-1,-1,-1,-1,-1
,,984,-1,-1,-1,-1,-1
,,985,-1,-1,-1,-1,-1
,,986,-1,-1,-1,-1,-1
,,987,-1,-1,-1,-1,-1
,,988,-1,-1,-1,-1,-1
,,989,-1,-1,-1,-1,-1
,,990,-1,-1,-1,-1,-1
,,991,-1,-1,-1,-1,-1
,,992,-1,-1,-1,-1,-1
,,993,-1,-1,-1,-1,-1
,,994,-1,-1,-1,-1,-1
,,995,-1,-1,-1,-1,-1
,,996,-1,-1,-1,-1,-1
,,997,-1,-1,-1,-1,-1
,,998,-1,-1,-1,-1,-1
,,999,-1,-1,-1,-1,-1
